{"carros":[{"placa":"GTX4567","nome":"Golf","montadora":"Volkswagen"},{"placa":"OFD1823","nome":"HB20s","montadora":"Hunday"},{"placa":"BSD2560","nome":"Corsa","montadora":"Ford"},{"placa":"OCZ9606","nome":"Corolla","montadora":"Toyota"},{"placa":"GTW3654","nome":"Fiat","montadora":"Ford"},{"placa":"DWT2527","nome":"Tempra","montadora":"Fiat"},{"placa":"FFT5221","nome":"Focus","montadora":"Ford"},{"placa":"FTS2020","nome":"GOL","montadora":"Volkswagen"},{"placa":"GHI2324","nome":"Prius","montadora":"Toyota"},{"placa":"DFT2526","nome":"Logan","montadora":"Renault"},{"placa":"FTX5555","nome":"Palio","montadora":"Fiat"}]}