{
    "pessoas" : [
        {
            "nomeCompleto": "Wallace Machados Santos Melo",
            "endereco": "Rua Princesa Isabel, nº 23 - São Francisco - Cariacica - ES",
            "nacionalidade": "Brasileiro",
            "idade": 34,
            "sexo": "Masculino"
        },
        {
            "nomeCompleto": "Roberta Lima de Olveira",
            "endereco": "Rua Pedro Cabral, nº 23 - Vitória - ES",
            "nacionalidade": "Brasileira",
            "idade": 24,
            "sexo": "Feminino"
        },
        {
            "nomeCompleto": "Carla Borges Carpato",
            "endereco": "Rua das Oliveiras, nº 344 - Barro Vermelho - Vitoria - ES",
            "nacionalidade": "Brasileira",
            "idade": 42,
            "sexo": "Feminino"
        },
        {
            "nomeCompleto": "Douglas De Souza Melo",
            "endereco": "Rua Carapina, nº 62 - Jardim Carapina - Serra - ES",
            "nacionalidade": "Brasileiro",
            "idade": 29,
            "sexo": "Masculino"
        },
        {
            "nomeCompleto": "Ricardo Salles Guimarães",
            "endereco": "Rua Júlio Materazzo, nº 335 - Santha Marta - Vitoria - ES",
            "nacionalidade": "Brasileiro",
            "idade": 28,
            "sexo": "Masculino"
        },
        {
            "nomeCompleto": "Isabel Luiza Lima",
            "endereco": "Rua Godero, nº 116 - São Conrado - Cariacica - ES",
            "nacionalidade": "Brasileira",
            "idade": 45,
            "sexo": "Feminino"
        },
        {
            "nomeCompleto": "Juliana Matias Moraes",
            "endereco": "Rua Vinicius Moura, nº 576 - Centro - Vila Velha - ES",
            "nacionalidade": "Brasileira",
            "idade": 34,
            "sexo": "Feminino"
        },
        {
            "nomeCompleto": "João Pereira de Melo",
            "endereco": "Rua Xavier, nº 03 - Industrial - Viana - ES",
            "nacionalidade": "Brasileiro",
            "idade": 58,
            "sexo": "Masculino"
        },
        {
            "nomeCompleto": "Cezar Marçal de Souza",
            "endereco": "Rua Alegria, nº 47 - Porto Santana - Cariacica - ES",
            "nacionalidade": "Brasileiro",
            "idade": 70,
            "sexo": "Masculino"
        },
        {
            "nomeCompleto": "Brisa Pereira Costa",
            "endereco": "Rua Amorim, nº 23 - São Francisco - Cariacica - ES",
            "nacionalidade": "Brasileira",
            "idade": 40,
            "sexo": "Feminino"
        }
    ]

}